song_id,offset_difference,size
5f7d91449fcf6858e3cae1b4,2154,1
5f7d934a37d3e67dcca323b1,1245,1
5f7d934a37d3e67dcca323b1,3371,1
5f7d934a37d3e67dcca32406,-128,1
5f7d934a37d3e67dcca32406,794,1
5f7d934b37d3e67dcca324fe,-67,1
5f7d934b37d3e67dcca324fe,3039,1
5f7d934c37d3e67dcca3268d,5982,1
